"","Date","Oil Production Growth","Economic Activity Index","Real Oil Price"
"1",1971-01-01,2.3080443,19.222673,-77.424744
"2",1971-02-01,-0.65113077,-1.063344,-77.424744
"3",1971-03-01,0.70622846,-2.6791255,-77.675057
"4",1971-04-01,-0.6248442,-7.7967089,-77.924745
"5",1971-05-01,0.88894786,-14.743468,-78.422259
"6",1971-06-01,-2.5327952,-43.903572,-78.917309
"7",1971-07-01,0.53675711,-53.18,-79.163919
"8",1971-08-01,-2.1770859,-59.514494,-79.409921
"9",1971-09-01,2.6806347,-39.053156,-79.65532
"10",1971-10-01,-0.72004326,-53.256191,-79.900118
"11",1971-11-01,2.1383661,-30.356536,-80.144319
"12",1971-12-01,0.80931567,-36.058577,-80.387924
"13",1972-01-01,1.8319208,-53.327003,-80.630938
"14",1972-02-01,-0.24948859,-64.489036,-81.1152
"15",1972-03-01,-1.0227675,-69.214212,-81.1152
"16",1972-04-01,2.5588628,-53.392512,-81.356455
"17",1972-05-01,-2.8354916,-59.721677,-81.597129
"18",1972-06-01,-2.2636933,-64.33105,-81.837225
"19",1972-07-01,0.97191662,-47.733757,-82.076746
"20",1972-08-01,6.5319907,-57.605351,-82.315695
"21",1972-09-01,0.48007942,6.2976367,-82.791886
"22",1972-10-01,1.14931,8.8153983,-83.029134
"23",1972-11-01,0.92983326,9.7794495,-83.501948
"24",1972-12-01,0.54966034,20.866005,-83.73752
"25",1973-01-01,2.2422654,29.047426,-84.207004
"26",1973-02-01,0.99468643,34.74176,-84.907123
"27",1973-03-01,0.11833242,40.21425,-85.833056
"28",1973-04-01,0.098190745,42.688192,-86.521922
"29",1973-05-01,2.3143018,46.812539,-86.978544
"30",1973-06-01,-1.0865898,50.749821,-87.659591
"31",1973-07-01,3.0676168,51.668928,-87.659591
"32",1973-08-01,-1.1668408,56.401772,-70.335625
"33",1973-09-01,1.7515419,61.901354,-70.779085
"34",1973-10-01,-1.9569133,73.158977,-71.660148
"35",1973-11-01,-4.8539231,71.671511,-72.315888
"36",1973-12-01,0.76300449,75.486702,-73.183572
"37",1974-01-01,2.205354,71.501928,11.001017
"38",1974-02-01,0.84544111,63.672472,36.03823
"39",1974-03-01,0.77221458,67.455795,37.210599
"40",1974-04-01,1.3037694,61.9631,36.506332
"41",1974-05-01,0.29592015,69.252224,37.803242
"42",1974-06-01,-0.73499887,59.460018,37.290547
"43",1974-07-01,-1.9223328,49.530802,34.277858
"44",1974-08-01,-2.6235094,47.364001,32.517428
"45",1974-09-01,0.99259696,47.696931,29.934253
"46",1974-10-01,0.31363396,48.01758,28.426341
"47",1974-11-01,0.13633141,46.373914,28.171427
"48",1974-12-01,-0.89311647,25.53068,29.685587
"49",1975-01-01,-3.98564,10.463205,28.527142
"50",1975-02-01,-1.9305609,3.841165,30.124277
"51",1975-03-01,-0.15950825,-9.7486275,31.491754
"52",1975-04-01,-0.74036551,-23.373594,30.963154
"53",1975-05-01,0.46127272,-25.997478,30.849975
"54",1975-06-01,2.528282,-18.953737,36.520323
"55",1975-07-01,2.6317294,-23.728152,34.738475
"56",1975-08-01,2.1557487,-27.387868,35.924569
"57",1975-09-01,3.1335769,-16.578749,33.704726
"58",1975-10-01,-9.4323329,-16.190664,37.477966
"59",1975-11-01,3.508533,-7.6777492,39.311035
"60",1975-12-01,1.3611069,-17.733673,37.228996
"61",1976-01-01,-1.4522591,-27.515574,25.890376
"62",1976-02-01,2.6951236,-31.818797,25.635652
"63",1976-03-01,2.4961056,-14.762448,27.324865
"64",1976-04-01,-1.8273821,-11.594919,26.254284
"65",1976-05-01,0.42801202,-3.7373994,25.87019
"66",1976-06-01,3.2825535,-1.3343038,25.860517
"67",1976-07-01,0.6022827,-5.5094597,25.555099
"68",1976-08-01,0.70863805,-7.5229023,25.546661
"69",1976-09-01,1.5546197,-8.1314417,24.21119
"70",1976-10-01,3.063349,-5.0230112,23.840186
"71",1976-11-01,0.93391399,-3.8926011,24.16029
"72",1976-12-01,2.4723156,-17.492715,24.597862
"73",1977-01-01,-9.0118792,-30.065103,26.961511
"74",1977-02-01,6.7144089,-26.030186,28.670792
"75",1977-03-01,0.81617174,-26.31481,28.441918
"76",1977-04-01,-1.5667931,-24.515263,26.527079
"77",1977-05-01,-3.1967567,-17.49876,27.98877
"78",1977-06-01,1.5378806,-21.717668,27.560028
"79",1977-07-01,-1.9101389,-25.179778,25.758253
"80",1977-08-01,1.4234507,-27.700426,26.91449
"81",1977-09-01,2.098413,-27.807221,25.354069
"82",1977-10-01,-0.21301736,-15.06392,25.27879
"83",1977-11-01,1.9212488,-15.491168,24.974134
"84",1977-12-01,2.0241193,-19.387648,25.5129
"85",1978-01-01,-9.0537289,-19.807647,23.233598
"86",1978-02-01,2.6505599,-20.064973,21.995718
"87",1978-03-01,0.87445025,-20.477883,22.467214
"88",1978-04-01,1.5208543,-21.043431,20.507853
"89",1978-05-01,-1.7010569,-7.3155573,20.334196
"90",1978-06-01,2.3636426,-3.3293867,19.768501
"91",1978-07-01,-0.7102249,-9.8045861,18.657711
"92",1978-08-01,1.3466544,-10.193413,17.841628
"93",1978-09-01,3.5124343,-1.4173265,17.418261
"94",1978-10-01,0.68665269,-4.4174309,17.206133
"95",1978-11-01,0.23527168,4.9817987,17.360578
"96",1978-12-01,-2.1616392,2.9355531,18.117426
"97",1979-01-01,-2.5011752,-3.5004955,20.917482
"98",1979-02-01,0.54033384,-0.01570122,22.323079
"99",1979-03-01,1.9182114,10.944356,24.599566
"100",1979-04-01,2.0070417,11.815119,30.489993
"101",1979-05-01,-0.3228885,22.312046,37.130963
"102",1979-06-01,0.40212552,30.459822,46.167931
"103",1979-07-01,1.0060554,33.739279,54.41092
"104",1979-08-01,-0.19983635,25.297791,57.238712
"105",1979-09-01,-0.38155302,28.118241,60.698732
"106",1979-10-01,0.70588608,27.661452,59.589368
"107",1979-11-01,0.51077339,29.80229,66.101329
"108",1979-12-01,-0.72552147,22.79713,71.685244
"109",1980-01-01,-1.7986911,21.904073,76.435194
"110",1980-02-01,0.58982796,23.939915,80.388177
"111",1980-03-01,-1.7033407,24.269467,82.104774
"112",1980-04-01,-2.0376076,32.008764,81.469534
"113",1980-05-01,-1.0143471,32.923574,82.813618
"114",1980-06-01,0.38448759,29.644448,82.27504
"115",1980-07-01,-0.66611259,24.379302,82.241058
"116",1980-08-01,-0.27325953,28.009057,81.314077
"117",1980-09-01,-1.9315156,28.223211,80.534367
"118",1980-10-01,-4.211663,27.781872,80.077548
"119",1980-11-01,1.4799303,31.450527,80.340132
"120",1980-12-01,2.4335189,32.53386,80.936986
"121",1981-01-01,-0.26909121,30.387188,88.6675
"122",1981-02-01,0.45753651,29.101597,88.139543
"123",1981-03-01,1.1223016,23.999141,85.67498
"124",1981-04-01,-1.7098083,21.934777,85.372947
"125",1981-05-01,-1.4006342,17.192506,83.206708
"126",1981-06-01,-1.1995573,19.227896,80.154807
"127",1981-07-01,-2.2986665,14.983702,77.83318
"128",1981-08-01,-1.7023372,6.2727982,74.97158
"129",1981-09-01,0.20515697,4.8839296,72.933726
"130",1981-10-01,0.67507756,6.1280034,72.583726
"131",1981-11-01,-1.0516284,5.5686983,74.334036
"132",1981-12-01,1.7904747,2.0218565,73.294022
"133",1982-01-01,-0.46010533,-0.38787693,71.82878
"134",1982-02-01,-1.1676779,-5.4647503,71.342585
"135",1982-03-01,-3.3706197,-0.3345065,67.287429
"136",1982-04-01,-2.485555,3.762316,63.233229
"137",1982-05-01,1.6600293,1.829899,62.168164
"138",1982-06-01,3.7483831,-11.870336,64.06255
"139",1982-07-01,-0.78138144,-27.214698,62.506955
"140",1982-08-01,-0.14625534,-28.775904,60.826016
"141",1982-09-01,-0.27228571,-18.324637,61.068563
"142",1982-10-01,3.2330347,-18.011392,61.414041
"143",1982-11-01,1.074327,-16.260634,60.943365
"144",1982-12-01,-2.0482186,-13.157492,60.521928
"145",1983-01-01,-2.7442548,-11.920101,55.803014
"146",1983-02-01,-5.5924049,-9.0161838,53.641928
"147",1983-03-01,1.8547881,-7.2974139,45.662664
"148",1983-04-01,0.43948712,-5.987439,43.249071
"149",1983-05-01,3.3356878,-6.1539527,44.898901
"150",1983-06-01,0.39875411,-14.718262,47.121234
"151",1983-07-01,3.37217,-21.75698,45.098631
"152",1983-08-01,-0.27992791,-22.425064,47.338976
"153",1983-09-01,1.1999101,-20.483993,47.175289
"154",1983-10-01,-0.473186,-18.650466,47.216746
"155",1983-11-01,0.67034732,-14.161515,44.945482
"156",1983-12-01,-1.4566181,-20.488877,45.368587
"157",1984-01-01,0.22412803,-19.457396,42.959145
"158",1984-02-01,0.64325876,-15.482875,42.852024
"159",1984-03-01,-0.50621994,-12.974867,42.698236
"160",1984-04-01,0.3642091,-10.730626,42.861606
"161",1984-05-01,-0.6947732,-11.050274,43.181886
"162",1984-06-01,2.3449695,-16.189273,42.749407
"163",1984-07-01,-1.2918499,-19.199913,41.7113
"164",1984-08-01,-3.0501343,-18.670138,41.147212
"165",1984-09-01,0.86058296,-16.751864,40.096993
"166",1984-10-01,0.7640113,-16.022028,40.028751
"167",1984-11-01,0.031361263,-11.573598,39.664491
"168",1984-12-01,-0.073767963,-13.34991,36.93762
"169",1985-01-01,-2.2818485,-15.394956,34.83888
"170",1985-02-01,2.7750523,-18.10213,32.437115
"171",1985-03-01,0.40226154,-17.123395,32.743062
"172",1985-04-01,-0.77934734,-14.130336,33.979293
"173",1985-05-01,-2.6495811,-16.457955,33.829093
"174",1985-06-01,-2.7633614,-22.286281,32.273139
"175",1985-07-01,2.004323,-32.725475,29.560414
"176",1985-08-01,-0.26161001,-38.056526,29.525143
"177",1985-09-01,3.5993954,-32.566379,29.151805
"178",1985-10-01,3.1121223,-23.812867,29.64469
"179",1985-11-01,0.85670726,-23.340527,30.40924
"180",1985-12-01,0.55977023,-23.296953,26.538778
"181",1986-01-01,-1.6290166,-24.434928,21.167306
"182",1986-02-01,0.017998088,-33.659591,-10.611249
"183",1986-03-01,-0.89447841,-36.018277,-34.244634
"184",1986-04-01,0.188862,-40.436651,-41.700118
"185",1986-05-01,2.1370326,-44.183108,-41.82336
"186",1986-06-01,1.3682583,-46.549587,-49.431839
"187",1986-07-01,1.990547,-56.418688,-61.107158
"188",1986-08-01,1.1208947,-53.99041,-52.765224
"189",1986-09-01,-6.837549,-34.836672,-45.196792
"190",1986-10-01,0.64866464,-30.918894,-45.924493
"191",1986-11-01,1.6800024,-32.498631,-40.922
"192",1986-12-01,0.30267436,-39.068771,-36.143021
"193",1987-01-01,-1.4172072,-29.362731,-21.763213
"194",1987-02-01,-1.2520911,-26.196583,-18.950753
"195",1987-03-01,-1.3499482,-21.876319,-17.6724
"196",1987-04-01,1.2428434,-15.869964,-14.531745
"197",1987-05-01,1.4665373,-12.503062,-12.805518
"198",1987-06-01,-0.53750732,-19.252241,-10.757339
"199",1987-07-01,4.6305667,-21.05523,-8.1243632
"200",1987-08-01,1.3767487,-12.246553,-8.2514795
"201",1987-09-01,-1.0343,-14.310944,-12.560006
"202",1987-10-01,0.33574357,-11.435888,-13.03736
"203",1987-11-01,-0.79279218,-8.6765999,-15.51171
"204",1987-12-01,0.1279975,-4.7623895,-21.00559
"205",1988-01-01,-1.3795247,-0.65873389,-32.080841
"206",1988-02-01,0.140095,4.9202132,-32.383122
"207",1988-03-01,0.63129586,7.3313745,-37.283302
"208",1988-04-01,0.54044607,3.5792244,-32.016293
"209",1988-05-01,-0.4891458,0.42622728,-30.306748
"210",1988-06-01,-0.58186919,-4.9132076,-33.46739
"211",1988-07-01,0.74076678,-8.366265,-38.443937
"212",1988-08-01,2.0047859,-7.3180987,-42.229726
"213",1988-09-01,0.60185547,-4.9827979,-46.058237
"214",1988-10-01,2.8442524,-3.5055588,-52.269699
"215",1988-11-01,0.75425102,1.3571963,-55.637014
"216",1988-12-01,0.40284505,3.0050247,-45.125767
"217",1989-01-01,-4.6925331,5.9812188,-32.718806
"218",1989-02-01,-0.81631924,3.3304691,-29.556475
"219",1989-03-01,0.69073456,5.7142697,-23.297962
"220",1989-04-01,0.73377563,5.2004738,-14.280706
"221",1989-05-01,-0.13382834,7.1722758,-17.56195
"222",1989-06-01,0.062762641,-1.5799922,-22.065703
"223",1989-07-01,0.87812923,-2.6377455,-23.931943
"224",1989-08-01,1.4989833,-1.8126449,-28.24804
"225",1989-09-01,0.13742155,-1.0662844,-26.250692
"226",1989-10-01,0.94242768,2.0754904,-22.998583
"227",1989-11-01,1.2448402,5.5334956,-23.232654
"228",1989-12-01,-0.57755728,3.8454359,-14.526075
"229",1990-01-01,-0.91694948,4.376436,-13.203202
"230",1990-02-01,0.42266437,2.7144974,-17.219037
"231",1990-03-01,1.4768855,2.3492379,-22.026314
"232",1990-04-01,-0.44535955,-2.3477161,-35.085979
"233",1990-05-01,-0.91823385,-6.7573226,-38.846413
"234",1990-06-01,-1.3537909,-11.550327,-45.359571
"235",1990-07-01,0.17287384,-17.1269,-37.042368
"236",1990-08-01,-5.8634062,-12.410531,0.42347582
"237",1990-09-01,4.4734762,-13.995315,20.577498
"238",1990-10-01,0.57171781,-12.027218,29.468359
"239",1990-11-01,1.3669227,-9.4086308,20.708227
"240",1990-12-01,0.34870722,-4.7877515,3.6867607
"241",1991-01-01,-0.40520854,-4.5316095,-10.329371
"242",1991-02-01,-0.51235997,0.23697766,-30.171857
"243",1991-03-01,0.42289989,4.026442,-34.186342
"244",1991-04-01,-2.3082271,0.62995744,-30.285359
"245",1991-05-01,-0.29901833,2.3472342,-30.43665
"246",1991-06-01,0.32631398,3.3258365,-33.941272
"247",1991-07-01,1.6769026,-0.5271755,-32.083845
"248",1991-08-01,-1.1567592,-3.0028847,-29.283047
"249",1991-09-01,1.7458745,-1.5258959,-28.037271
"250",1991-10-01,-0.073687448,0.5818454,-23.756316
"251",1991-11-01,0.40630061,0.76854569,-26.794004
"252",1991-12-01,0.67190012,-1.7997947,-39.036991
"253",1992-01-01,0.19054419,-3.0749905,-45.543229
"254",1992-02-01,-1.3665519,-9.7079506,-46.383418
"255",1992-03-01,-1.074582,-13.596672,-44.518552
"256",1992-04-01,0.60222643,-15.629926,-38.743636
"257",1992-05-01,-1.8760077,-11.495735,-31.099859
"258",1992-06-01,0.41099069,-15.784184,-25.99886
"259",1992-07-01,0.78465277,-21.074788,-26.739184
"260",1992-08-01,-0.022181239,-21.014062,-29.465737
"261",1992-09-01,0.43809668,-21.770509,-29.62678
"262",1992-10-01,1.3304499,-21.48212,-29.636305
"263",1992-11-01,-0.47563911,-14.36864,-34.901233
"264",1992-12-01,0.53035506,-8.1504837,-43.309192
"265",1993-01-01,-0.2748971,-10.550537,-44.489648
"266",1993-02-01,0.58612145,-9.4059524,-41.133017
"267",1993-03-01,-1.172536,-5.2720187,-38.944471
"268",1993-04-01,-1.1671174,-3.3531381,-36.362203
"269",1993-05-01,0.31293184,-0.47609208,-39.178753
"270",1993-06-01,-0.47566024,-1.9431894,-45.534639
"271",1993-07-01,1.0195023,-7.4816994,-51.746452
"272",1993-08-01,-0.29581645,-7.106379,-53.035202
"273",1993-09-01,0.018897672,-5.9593786,-55.240602
"274",1993-10-01,0.77421243,-7.7995879,-53.906491
"275",1993-11-01,0.10575975,-10.646317,-64.581276
"276",1993-12-01,0.64132152,-13.326376,-75.997186
"277",1994-01-01,0.52631928,-13.453059,-73.093939
"278",1994-02-01,-0.2909423,-16.743392,-73.598719
"279",1994-03-01,-0.15205954,-17.083364,-71.724093
"280",1994-04-01,-0.75154705,-10.444699,-61.972031
"281",1994-05-01,0.7316113,-3.9422747,-54.245148
"282",1994-06-01,0.50932187,-8.5751692,-46.58025
"283",1994-07-01,-0.64439468,-6.605356,-44.140059
"284",1994-08-01,-0.17344359,-4.0972148,-49.57662
"285",1994-09-01,1.0031913,-2.2962337,-54.383935
"286",1994-10-01,0.81246484,5.3009575,-52.21367
"287",1994-11-01,0.28384801,6.545321,-51.319623
"288",1994-12-01,0.51991977,9.487176,-55.738741
"289",1995-01-01,-0.68182695,9.9467501,-51.180477
"290",1995-02-01,0.81315489,9.3317961,-47.595691
"291",1995-03-01,-1.1846021,13.443058,-47.794048
"292",1995-04-01,1.2944181,14.393339,-39.887345
"293",1995-05-01,0.017628995,14.255121,-40.835915
"294",1995-06-01,-1.3758142,9.5614942,-47.314629
"295",1995-07-01,1.5471143,8.8825202,-52.928788
"296",1995-08-01,0.21411828,11.37189,-52.883481
"297",1995-09-01,0.6310209,9.8473398,-51.991698
"298",1995-10-01,-0.57600004,2.8994841,-54.797687
"299",1995-11-01,0.34908673,1.3112046,-53.52617
"300",1995-12-01,0.62679511,0.4987095,-47.722033
"301",1996-01-01,-0.078579125,-1.9903851,-48.525922
"302",1996-02-01,0.6280046,-5.6254721,-47.07447
"303",1996-03-01,-0.23195802,-7.5239219,-36.075797
"304",1996-04-01,-0.2326186,-5.2139844,-29.521341
"305",1996-05-01,-6.946786e-05,-6.5575493,-35.552842
"306",1996-06-01,0.50833616,-11.951597,-39.802146
"307",1996-07-01,0.12111107,-18.910859,-38.554417
"308",1996-08-01,-0.55058961,-20.460342,-34.046119
"309",1996-09-01,0.74474568,-23.622931,-27.266558
"310",1996-10-01,0.56936076,-18.316722,-22.367748
"311",1996-11-01,0.6974514,-5.5617848,-25.124509
"312",1996-12-01,0.88751229,-4.3652156,-22.93484
"313",1997-01-01,-0.094760808,-5.1250614,-23.988014
"314",1997-02-01,0.55012049,-5.9041352,-33.933623
"315",1997-03-01,-0.018960642,-4.6035742,-42.592703
"316",1997-04-01,0.79228762,-7.5992606,-49.849772
"317",1997-05-01,-0.98345626,-11.266494,-45.89087
"318",1997-06-01,-1.1812859,-11.479461,-52.766147
"319",1997-07-01,0.68788438,-8.7379481,-52.087031
"320",1997-08-01,1.3523464,-10.56153,-49.684001
"321",1997-09-01,0.54905965,-10.470009,-50.547223
"322",1997-10-01,0.77599309,-9.3748548,-45.921044
"323",1997-11-01,-0.21948049,-12.822542,-50.689107
"324",1997-12-01,-0.27563795,-12.750283,-62.173698
"325",1998-01-01,1.8197564,-16.228552,-73.006853
"326",1998-02-01,0.55364255,-25.234466,-80.316219
"327",1998-03-01,-0.17053421,-20.953013,-87.957802
"328",1998-04-01,-0.20157948,-24.979187,-84.342842
"329",1998-05-01,-0.7882365,-25.190126,-86.163641
"330",1998-06-01,-0.41531884,-30.663281,-94.549243
"331",1998-07-01,-0.20384212,-34.980771,-95.312165
"332",1998-08-01,-1.4559288,-38.283007,-97.269823
"333",1998-09-01,0.12207941,-32.257693,-85.454382
"334",1998-10-01,0.17296241,-24.701805,-91.004819
"335",1998-11-01,1.2833743,-26.170676,-100.83254
"336",1998-12-01,-0.26159169,-33.904,-116.74833
"337",1999-01-01,0.32197385,-37.630925,-109.04957
"338",1999-02-01,0.48550487,-34.675025,-107.39047
"339",1999-03-01,-0.47966343,-25.207823,-91.636147
"340",1999-04-01,-2.1549402,-28.469569,-72.023652
"341",1999-05-01,-0.295751,-19.875132,-67.147354
"342",1999-06-01,-1.598112,-23.909184,-64.987366
"343",1999-07-01,2.3496784,-24.847945,-52.78831
"344",1999-08-01,-0.17308762,-20.81049,-44.993264
"345",1999-09-01,0.065749236,-15.825615,-35.305955
"346",1999-10-01,0.77022834,-7.5247271,-35.576942
"347",1999-11-01,-0.026753186,-7.6737617,-28.960866
"348",1999-12-01,-1.2282855,-7.3484633,-24.100946
"349",2000-01-01,1.5704017,-6.3803012,-20.60917
"350",2000-02-01,0.92671179,-5.7749135,-13.044808
"351",2000-03-01,0.049576763,1.1255276,-12.506283
"352",2000-04-01,0.98198121,2.7231264,-25.584296
"353",2000-05-01,0.76499633,0.92852929,-17.619109
"354",2000-06-01,-0.29556572,0.18512164,-8.9299915
"355",2000-07-01,0.91184078,0.9589242,-12.418044
"356",2000-08-01,1.2097207,1.7762047,-9.601145
"357",2000-09-01,0.024005362,3.4687327,-4.1890893
"358",2000-10-01,0.62912458,4.0924167,-7.182838
"359",2000-11-01,0.79439031,3.8270108,-6.383559
"360",2000-12-01,-1.7807014,0.70530944,-24.087775
"361",2001-01-01,-0.11945691,-0.91548477,-27.477142
"362",2001-02-01,-0.69183039,-3.6562633,-25.76387
"363",2001-03-01,0.96353071,-2.7477596,-33.995595
"364",2001-04-01,-1.3398842,-4.781353,-34.252307
"365",2001-05-01,-1.0087036,-4.7643978,-27.870846
"366",2001-06-01,-2.2930264,-7.2631662,-30.895611
"367",2001-07-01,2.9289206,-13.720489,-35.822941
"368",2001-08-01,0.25488753,-25.383156,-31.481246
"369",2001-09-01,-0.68361704,-27.78407,-37.321273
"370",2001-10-01,-0.15142341,-30.493036,-55.26332
"371",2001-11-01,0.5171569,-33.404723,-70.746731
"372",2001-12-01,-0.59866744,-31.986753,-71.377592
"373",2002-01-01,-1.0866132,-27.607792,-64.936253
"374",2002-02-01,0.10653528,-25.65739,-58.29955
"375",2002-03-01,-0.30382303,-19.546685,-38.527986
"376",2002-04-01,-0.80269397,-19.129911,-31.667252
"377",2002-05-01,0.86144273,-21.439981,-29.878381
"378",2002-06-01,-0.22960243,-23.4999,-34.069093
"379",2002-07-01,0.72074206,-23.926938,-27.931332
"380",2002-08-01,-0.40486852,-23.139939,-25.48514
"381",2002-09-01,0.82271719,-13.670815,-20.121007
"382",2002-10-01,2.0913863,-6.1341056,-24.671707
"383",2002-11-01,0.18903479,-2.7421582,-34.145711
"384",2002-12-01,-2.3962383,3.5528547,-22.382056
"385",2003-01-01,0.58990375,4.0947763,-10.098292
"386",2003-02-01,2.3881313,3.2269493,-4.4689673
"387",2003-03-01,0.74317411,7.7541251,-14.402686
"388",2003-04-01,-1.5363706,13.031485,-31.755521
"389",2003-05-01,-0.054073547,16.610944,-28.891027
"390",2003-06-01,-1.1568574,14.947011,-21.090982
"391",2003-07-01,0.92181236,15.899077,-18.771822
"392",2003-08-01,0.66338456,17.379586,-17.257224
"393",2003-09-01,0.87149226,20.216419,-28.079101
"394",2003-10-01,1.3820811,39.109679,-21.702283
"395",2003-11-01,0.33579326,39.941094,-21.209442
"396",2003-12-01,1.7875305,42.458447,-17.342713
"397",2004-01-01,-0.30374621,46.117041,-12.7331
"398",2004-02-01,-0.034147688,47.359627,-11.039819
"399",2004-03-01,-0.098986305,45.558028,-6.5747809
"400",2004-04-01,-0.043912952,41.491436,-6.1770552
"401",2004-05-01,-0.50852739,34.038718,3.2257654
"402",2004-06-01,2.1808247,26.344498,-3.599478
"403",2004-07-01,0.74193862,35.660759,3.335418
"404",2004-08-01,-1.4016884,39.057237,12.765127
"405",2004-09-01,0.86621546,38.742932,14.852396
"406",2004-10-01,0.83985775,41.361896,25.857572
"407",2004-11-01,-0.41573359,45.91525,12.536636
"408",2004-12-01,-0.44499987,47.289753,-3.2342055
"409",2005-01-01,0.34221572,41.346106,6.5697919
"410",2005-02-01,0.41910899,41.358346,11.744894
"411",2005-03-01,0.40333547,42.206532,25.471527
"412",2005-04-01,0.41646618,41.124948,24.106368
"413",2005-05-01,0.14122835,34.510166,19.49857
"414",2005-06-01,-0.52138032,24.476351,32.637777
"415",2005-07-01,-0.14092343,15.776311,38.900591
"416",2005-08-01,-0.03357315,15.144337,48.847368
"417",2005-09-01,-0.60125466,23.273215,47.684149
"418",2005-10-01,0.1048314,27.681451,41.431634
"419",2005-11-01,0.71263671,25.50482,31.781971
"420",2005-12-01,0.34993357,21.451083,33.528014
"421",2006-01-01,-0.81476682,15.620124,42.302917
"422",2006-02-01,-0.054280647,18.85338,36.636707
"423",2006-03-01,-0.19675399,21.292017,41.130605
"424",2006-04-01,0.01550577,18.976543,52.708563
"425",2006-05-01,-0.57764329,18.533119,55.53327
"426",2006-06-01,-0.015345687,22.596084,54.348934
"427",2006-07-01,1.3861865,26.496196,60.181704
"428",2006-08-01,-0.47480822,32.858635,57.448099
"429",2006-09-01,-0.41625886,36.588276,43.107576
"430",2006-10-01,0.46905793,37.164106,35.201194
"431",2006-11-01,-0.57860259,38.613004,35.15176
"432",2006-12-01,-0.18767854,39.387311,38.825985
"433",2007-01-01,-0.40672457,40.350115,28.320103
"434",2007-02-01,0.38444126,39.725811,36.06596
"435",2007-03-01,-0.085845343,44.153862,40.163001
"436",2007-04-01,0.3104256,47.528269,46.95753
"437",2007-05-01,-0.63823684,50.407304,48.348438
"438",2007-06-01,-0.62895426,47.41567,53.939372
"439",2007-07-01,0.84577862,51.178101,61.869603
"440",2007-08-01,-0.82881286,53.883536,58.28524
"441",2007-09-01,1.0335384,58.37945,63.638227
"442",2007-10-01,1.0348705,63.281877,71.642676
"443",2007-11-01,-0.38792596,62.998961,79.296725
"444",2007-12-01,0.67800896,61.236996,76.257221
"445",2008-01-01,0.074312547,52.74092,77.829428
"446",2008-02-01,0.25972957,51.554868,80.595946
"447",2008-03-01,0.23860024,55.754965,90.607582
"448",2008-04-01,-0.74746913,56.470191,98.075442
"449",2008-05-01,0.43931073,62.962203,108.18854
"450",2008-06-01,0.015529257,60.728645,115.11686
"451",2008-07-01,1.0185253,56.758142,115.62571
"452",2008-08-01,-1.5037026,52.130499,101.87562
"453",2008-09-01,-1.3182982,40.813404,87.495979
"454",2008-10-01,1.4866665,4.9367063,57.571927
"455",2008-11-01,-0.24727497,-36.10945,22.701914
"456",2008-12-01,-1.1025038,-41.908998,-8.6510248
"457",2009-01-01,-1.4938781,-28.531135,-5.4513036
"458",2009-02-01,0.6909996,8.0083768,-1.2520231
"459",2009-03-01,-0.26599365,11.592728,16.402114
"460",2009-04-01,0.43011992,4.3781066,23.883097
"461",2009-05-01,-0.54923348,22.316098,37.278165
"462",2009-06-01,0.24762855,36.296269,52.075295
"463",2009-07-01,1.3345916,32.186804,47.621571
"464",2009-08-01,-0.74279351,23.954994,54.329635
"465",2009-09-01,0.66367027,18.8573,53.488247
"466",2009-10-01,0.65659268,24.743626,59.503774
"467",2009-11-01,0.11313604,37.268909,62.365153
"468",2009-12-01,-0.28023859,34.152744,59.960326
"469",2010-01-01,0.043087913,30.146288,63.144616
"470",2010-02-01,0.60274971,24.328211,61.438799
"471",2010-03-01,0.44770392,31.080638,65.44607
"472",2010-04-01,-0.080800014,29.409873,69.581845
"473",2010-05-01,0.05135723,37.689,57.87289
"474",2010-06-01,0.11007361,30.469614,58.977192
"475",2010-07-01,0.51187183,11.671631,60.66399
"476",2010-08-01,-0.12250485,21.658558,60.858627
"477",2010-09-01,0.36982646,25.982128,60.192746
"478",2010-10-01,-0.19155779,25.494265,64.844327
"479",2010-11-01,0.64225974,19.714925,68.443415
"480",2010-12-01,-0.089200337,14.077565,74.896907
"481",2011-01-01,0.82417298,-2.9724225,76.905637
"482",2011-02-01,-1.0777626,-11.981927,80.841641
"483",2011-03-01,-1.3566855,-0.26875297,91.697261
"484",2011-04-01,-0.084471294,-5.7480259,101.06735
"485",2011-05-01,-1.0061233,-5.5343467,96.187787
"486",2011-06-01,1.0694409,-2.4025531,93.750582
"487",2011-07-01,0.38784438,-4.8505629,94.018803
"488",2011-08-01,0.70289914,-4.1420293,86.928673
"489",2011-09-01,-0.86991673,9.0538932,88.761278
"490",2011-10-01,0.72912455,14.288871,89.619794
"491",2011-11-01,1.3150493,9.1604568,94.854628
"492",2011-12-01,0.54058077,10.176435,93.757195
"493",2012-01-01,0.19120939,-19.370187,92.277631
"494",2012-02-01,0.41728219,-45.385099,94.704504
"495",2012-03-01,-0.41199726,-31.23682,97.144214
"496",2012-04-01,0.39852491,-20.404978,94.731969
"497",2012-05-01,-0.92839138,-15.61313,89.991276
"498",2012-06-01,-0.24493584,-24.877848,78.735097
"499",2012-07-01,0.25777801,-17.463451,79.623546
"500",2012-08-01,0.067435481,-38.914212,83.289167
"501",2012-09-01,-0.6735477,-44.596705,87.601524
"502",2012-10-01,0.66738006,-24.36711,86.424948
"503",2012-11-01,0.71495909,-19.509554,83.723091
"504",2012-12-01,0.049778781,-30.507429,79.167474
"505",2013-01-01,-0.9111639,-37.569976,83.40303
"506",2013-02-01,-0.28653586,-40.363331,84.155139
"507",2013-03-01,0.2632712,-28.769975,84.331563
"508",2013-04-01,0.56847379,-28.45899,81.807853
"509",2013-05-01,-0.092416289,-30.09714,83.894156
"510",2013-06-01,-0.058866436,-23.749912,82.335796
"511",2013-07-01,0.70141594,-13.244529,86.585958
"512",2013-08-01,-0.41140721,-14.999012,88.899092
"513",2013-09-01,-0.63327074,7.1859051,88.0856
"514",2013-10-01,0.44220272,12.417293,82.404162
"515",2013-11-01,0.38762021,4.0215656,74.275474
"516",2013-12-01,0.45761186,18.640181,74.235809
"517",2014-01-01,0.37703921,1.2627962,73.031401
"518",2014-02-01,0.70903549,-11.895909,79.833398
"519",2014-03-01,-0.76072907,1.8065391,80.782399
"520",2014-04-01,0.035068608,-16.751819,80.735029
"521",2014-05-01,-0.34415534,-19.965932,81.759283
"522",2014-06-01,0.55042298,-25.097377,83.480836
"523",2014-07-01,0.26167084,-33.997717,81.860965
"524",2014-08-01,0.15315061,-22.94879,76.149166
"525",2014-09-01,1.0336581,-12.159118,71.785741
"526",2014-10-01,0.71339253,-13.094259,64.019193
"527",2014-11-01,-0.33071674,-2.344191,53.465909
"528",2014-12-01,0.71771065,-23.464514,27.872173
"529",2015-01-01,0.099062498,-38.076638,3.6647066
"530",2015-02-01,-0.010078232,-62.820465,8.8214191
"531",2015-03-01,1.0129644,-56.801025,8.7810113
"532",2015-04-01,-0.23323979,-54.354988,17.460816
"533",2015-05-01,-0.77386608,-53.752234,28.219504
"534",2015-06-01,0.84289836,-41.050109,30.116618
"535",2015-07-01,0.60846098,-18.359248,18.330807
"536",2015-08-01,-0.10679913,-12.835698,-0.93149408
"537",2015-09-01,-0.4985144,-23.512992,-5.8213157
"538",2015-10-01,0.041230416,-31.109323,-3.8505298
"539",2015-11-01,0.53702339,-55.077326,-11.32676
"540",2015-12-01,-0.45800403,-65.550855,-27.68314
